INSERT INTO person VALUES 
  (11111111112, 'Ayberk', 'Uslu', 'M', 'ayberk@gmail.com', 5555555550);
  
INSERT INTO student VALUES ('11111111112', '161101055', '2016', 1, 1);

INSERT INTO major VALUES ('11111111112', 'Bilgisayar Muh', 'Anadal');
INSERT INTO takes_course VALUES (11111111112, 'BIL372', 20, 30, 'FF');
INSERT INTO takes_course VALUES (11111111112, 'BIL113', 70, 80, 'AA');
INSERT INTO takes_course VALUES (11111111112, 'ISP001', 60, 70, 'CC');
INSERT INTO takes_course VALUES (11111111112, 'ELE222', 40, 40, 'DD');
INSERT INTO takes_course VALUES (11111111112, 'BIL555', 65, 75, 'BB');

INSERT INTO company VALUES ('Sirket1', 'hepsiburada', 'Ankara ', 5558527419, 1);
INSERT INTO company VALUES ('Sirket2', 'getir', 'Istanbul', 5469853245, 1);

INSERT INTO co_op VALUES ('Sirket1', 11111111112, '1. OEG', 'Ahmet Bey', 'ahmet@sirket.com');
INSERT INTO co_op VALUES ('Sirket2', 11111111112, '2. OEG', 'Burak', 'burak@sirket.com');



INSERT INTO person VALUES 
  (11111111113, 'Basak', 'Yildirim', 'F', 'basak@gmail.com', 5555555551);
  
INSERT INTO student VALUES ('11111111113', '161101054', '2016', 1, 1);

INSERT INTO major VALUES ('11111111113', 'Bilgisayar Muh', 'Anadal');
INSERT INTO takes_course VALUES (11111111113, 'BIL372', 40, 40, 'DD');
INSERT INTO takes_course VALUES (11111111113, 'BIL113', 60, 85, 'BB');
INSERT INTO takes_course VALUES (11111111113, 'ISP001', 60, 70, 'CC');
INSERT INTO takes_course VALUES (11111111113, 'ELE222', 70, 80, 'AA');
INSERT INTO takes_course VALUES (11111111113, 'BIL555', 20, 30, 'FF');

INSERT INTO co_op VALUES ('Sirket1', 11111111113, '1. OEG', 'Ahmet Bey', 'ahmet@sirket.com');



INSERT INTO person VALUES 
  (11111111114, 'Hasan', 'Tahsin', 'M', 'tahsin@gmail.com', 5555555552);
  
INSERT INTO student VALUES ('11111111114', '161101053', '2016', 1, 1);

INSERT INTO major VALUES ('11111111114', 'Bilgisayar Muh', 'Anadal');
INSERT INTO takes_course VALUES (11111111114, 'BIL372', 40, 40, 'FF');
INSERT INTO takes_course VALUES (11111111114, 'BIL113', 60, 75, 'CB');
INSERT INTO takes_course VALUES (11111111114, 'ISP001', 40, 70, 'DC');
INSERT INTO takes_course VALUES (11111111114, 'ELE222', 85, 80, 'AA');
INSERT INTO takes_course VALUES (11111111114, 'BIL555', 20, 64, 'DD');

INSERT INTO co_op VALUES ('Sirket1', 11111111114, '1. OEG', 'Ahmet Bey', 'ahmet@sirket.com');


INSERT INTO person VALUES 
  (11111111115, 'Ali', 'Kemer', 'M', 'ali@gmail.com', 5555555553);
  
INSERT INTO student VALUES ('11111111115', '161101053', '2016', 1, 1);

INSERT INTO major VALUES ('11111111115', 'Bilgisayar Muh', 'Anadal');
INSERT INTO takes_course VALUES (11111111115, 'BIL372', 40, 70, 'DD');
INSERT INTO takes_course VALUES (11111111115, 'BIL113', 85, 75, 'BB');
INSERT INTO takes_course VALUES (11111111115, 'ISP001', 90, 85, 'AA');
INSERT INTO takes_course VALUES (11111111115, 'ELE222', 85, 95, 'AA');
INSERT INTO takes_course VALUES (11111111115, 'BIL555', 44, 64, 'DD');

INSERT INTO co_op VALUES ('Sirket2', 11111111115, '1. OEG', 'Selim Bey', 'selim@sirket.com');


INSERT INTO person VALUES (11111111116, 'Serhat', 'Kafa', 'M', 'serhat_fb_alex@gmail.com', 5555555554);
INSERT INTO student VALUES ('11111111116', '161101054', '2016', 1, 1);
INSERT INTO major VALUES ('11111111116', 'Bilgisayar Muh', 'Anadal');
INSERT INTO takes_course VALUES (11111111116, 'BIL372', 30, 60, 'DD');
INSERT INTO takes_course VALUES (11111111116, 'BIL113', 85, 85, 'AA');
INSERT INTO takes_course VALUES (11111111116, 'ISP001', 90, 87, 'BA');
INSERT INTO takes_course VALUES (11111111116, 'ELE222', 85, 35, 'CB');
INSERT INTO takes_course VALUES (11111111116, 'BIL555', 44, 75, 'DC');
INSERT INTO co_op VALUES ('Sirket1', 11111111116, '1. OEG', 'Mustafa Bey', 'mustafa@sirket.com');



INSERT INTO person VALUES 
  (11111111117, 'Metin', 'Coban', 'M', 'metin@gmail.com', 5555555549);
  
INSERT INTO student VALUES ('11111111117', '161101056', '2016', 1, 1);

INSERT INTO major VALUES ('11111111117', 'Endustri Muh', 'Anadal');
INSERT INTO major VALUES ('11111111117', 'Bilgisayar Muh', 'Yandal');

INSERT INTO takes_course VALUES (11111111117, 'BIL372', 20, 30, 'FF');
INSERT INTO takes_course VALUES (11111111117, 'BIL113', 70, 80, 'AA');
INSERT INTO takes_course VALUES (11111111117, 'ISP001', 60, 70, 'CC');
INSERT INTO takes_course VALUES (11111111117, 'ELE222', 40, 40, 'DD');
INSERT INTO takes_course VALUES (11111111117, 'BIL555', 65, 75, 'BB');




INSERT INTO person VALUES 
  (11111111118, 'Husnu', 'Coban', 'M', 'husnu@gmail.com', 5555555548);
INSERT INTO student VALUES ('11111111118', '161101057', '2016', 1, 1);
INSERT INTO major VALUES ('11111111118', 'Endustri Muh', 'Anadal');
INSERT INTO major VALUES ('11111111118', 'Bilgisayar Muh', 'Yandal');
INSERT INTO takes_course VALUES (11111111118, 'BIL372', 45, 55, 'DD');
INSERT INTO takes_course VALUES (11111111118, 'BIL113', 70, 80, 'AA');
INSERT INTO takes_course VALUES (11111111118, 'ISP001', 60, 70, 'CC');
INSERT INTO takes_course VALUES (11111111118, 'ELE222', 40, 40, 'DD');
INSERT INTO takes_course VALUES (11111111118, 'BIL555', 65, 75, 'BB');




INSERT INTO person VALUES 
  (11111111119, 'Tekin', 'Coban', 'M', 'tokmak_tekin@gmail.com', 5555555547);
INSERT INTO student VALUES ('11111111119', '161101058', '2016', 1, 1);
INSERT INTO major VALUES ('11111111119', 'Endustri Muh', 'Anadal');
INSERT INTO major VALUES ('11111111119', 'Bilgisayar Muh', 'Yandal');
INSERT INTO takes_course VALUES (11111111119, 'BIL372', 45, 55, 'DD');
INSERT INTO takes_course VALUES (11111111119, 'BIL113', 64, 80, 'BB');
INSERT INTO takes_course VALUES (11111111119, 'ISP001', 60, 70, 'CC');
INSERT INTO takes_course VALUES (11111111119, 'ELE222', 40, 40, 'DD');
INSERT INTO takes_course VALUES (11111111119, 'BIL555', 65, 75, 'BB');



INSERT INTO book VALUES ('1 Haftada Ispanyol Olmak 101', 'ISP001');
INSERT INTO book VALUES ('Bilgisayar Sistemleri', 'BIL555');


INSERT INTO person VALUES 
  (11111111120, 'Suat', 'Coban', 'F', 'suat_coban@gmail.com', 5555555546);
INSERT INTO student_assistant VALUES (11111111120, 86038502993);
INSERT INTO student VALUES ('11111111120', '161101059', '2014', 1, 1);
INSERT INTO major VALUES ('11111111120', 'Bilgisayar Muh', 'Anadal');
INSERT INTO assists VALUES (11111111120, 'BIL372');

